﻿insert into ic_fixed_assets_group(id,title) values (0,'GRUNTY');
insert into ic_fixed_assets_subgroup(id,group_id, title) values (10,0,'010 - Grunty orne');
insert into ic_fixed_assets_subgroup(id,group_id, title) values (11,0,'011 - Sady');
insert into ic_fixed_assets_subgroup(id,group_id, title) values (12,0,'012 - Łąki trwałe');
insert into ic_fixed_assets_subgroup(id,group_id, title) values (13,0,'013 - Pastwiska trwałe');
insert into ic_fixed_assets_subgroup(id,group_id, title) values (14,0,'014 - Grunty rolne zabudowane');
insert into ic_fixed_assets_subgroup(id,group_id, title) values (15,0,'015 - Grunty pod stawami');
insert into ic_fixed_assets_subgroup(id,group_id, title) values (16,0,'016 - Grunty pod urządzeniami melioracji wodnych szczegółowych');
insert into ic_fixed_assets_subgroup(id,group_id, title) values (20,0,'020 - Lasy');
insert into ic_fixed_assets_subgroup(id,group_id, title) values (21,0,'021 - Grunty zadrzewiony i zakrzewione');
insert into ic_fixed_assets_subgroup(id,group_id, title) values (30,0,'030 - Tereny mieszkaniowe');
insert into ic_fixed_assets_subgroup(id,group_id, title) values (31,0,'031 - Tereny przemysłowe');
insert into ic_fixed_assets_subgroup(id,group_id, title) values (32,0,'032 - Tereny zabudowane, pozostałe');
insert into ic_fixed_assets_subgroup(id,group_id, title) values (33,0,'033 - Zurbanizowane tereny niezabudowane');
insert into ic_fixed_assets_subgroup(id,group_id, title) values (34,0,'034 - Tereny rekreacyjno-wypoczynkowe');
insert into ic_fixed_assets_subgroup(id,group_id, title) values (35,0,'035 - Użytki kopalne');
insert into ic_fixed_assets_subgroup(id,group_id, title) values (36,0,'036 - Tereny komunikacyjne');
insert into ic_fixed_assets_subgroup(id,group_id, title) values (40,0,'040 - Użytki ekologiczne');
insert into ic_fixed_assets_subgroup(id,group_id, title) values (50,0,'050 - Tereny różne');
insert into ic_fixed_assets_subgroup(id,group_id, title) values (60,0,'060 - Nieużytki');
insert into ic_fixed_assets_subgroup(id,group_id, title) values (70,0,'070 - Grunty pokryte wodami powierzchniowymi');
insert into ic_fixed_assets_subgroup(id,group_id, title) values (71,0,'071 - Grunty znajdujące się pod wodami w wyniku użytkowania urządzeń wodnych');

insert into ic_fixed_assets_group(id,title) values (1, 'BUDYNKI I LOKALE, SPÓŁDZIELCZE WŁASNOŚCIOWE PRAWO DO LOKALU MIESZKLANEGO ORAZ SPÓŁDZIELCZE PRAWO DO LOKALU NIEMIESZKLANEGO');
insert into ic_fixed_assets_subgroup(id,group_id, title) values (101,1,'101 - Budynki przemysłowe');
insert into ic_fixed_assets_subgroup(id,group_id, title) values (102,1,'102 - Budynki transportu i łączności');
insert into ic_fixed_assets_subgroup(id,group_id, title) values (103,1,'103 - Budynki handlowo-usługowe');
insert into ic_fixed_assets_subgroup(id,group_id, title) values (104,1,'104 - Zbiorniki, silosy i budynki magazynowe');
insert into ic_fixed_assets_subgroup(id,group_id, title) values (105,1,'105 - Budynki biurowe');
insert into ic_fixed_assets_subgroup(id,group_id, title) values (106,1,'106 - Budynki szpitali i zakładów opieki medycznej');
insert into ic_fixed_assets_subgroup(id,group_id, title) values (107,1,'107 - Budynki oświaty, nauki i kultury oraz budynki kultury fizycznej');
insert into ic_fixed_assets_subgroup(id,group_id, title) values (108,1,'108 - Budynki produkcyjne, gospodarcze i usługowe dla rolnictwa');
insert into ic_fixed_assets_subgroup(id,group_id, title) values (109,1,'109 - Inne budynki niemieszkalne');
insert into ic_fixed_assets_subgroup(id,group_id, title) values (110,1,'110 - Budynki mieszkalne');
insert into ic_fixed_assets_subgroup(id,group_id, title) values (121,1,'121 - Lokale niemieszkalne, spółdzielcze prawo do lokalu niemieszkalnego');
insert into ic_fixed_assets_subgroup(id,group_id, title) values (122,1,'122 - Lokale mieszkalne, spółdzielcze własnościowe prawo do lokalu mieszkalnego');

insert into ic_fixed_assets_group(id,title) values (2, 'OBIEKTY INŻYNIERII LĄDOWEJ I WODNEJ');
insert into ic_fixed_assets_subgroup(id,group_id, title) values (200, 2,'200 - Budowle dla górnictwa i kopalnictwa');
insert into ic_fixed_assets_subgroup(id,group_id, title) values (201, 2,'201 - Elektrownie');
insert into ic_fixed_assets_subgroup(id,group_id, title) values (202, 2,'202 - Zakłady chemiczne');
insert into ic_fixed_assets_subgroup(id,group_id, title) values (203, 2,'203 - Zakłady przemysłu ciężkiego, gdzie indziej nie sklasyfikowane');
insert into ic_fixed_assets_subgroup(id,group_id, title) values (210, 2,'210 - Rurociągi i linie telekomunikacyjne oraz linie elektroenergetyczne przesyłowe');
insert into ic_fixed_assets_subgroup(id,group_id, title) values (211, 2,'211 - Rurociągi sieci rozdzielczej oraz lokalne linie rozdzielcze');
insert into ic_fixed_assets_subgroup(id,group_id, title) values (220, 2,'220 - Autostrady, drogi ekspresowe, ulice i drogi pozostałe');
insert into ic_fixed_assets_subgroup(id,group_id, title) values (221, 2,'221 - Drogi szynowe, drogi kolei napowietrznych lub podwieszanych');
insert into ic_fixed_assets_subgroup(id,group_id, title) values (222, 2,'222 - Drogi lotniskowe');
insert into ic_fixed_assets_subgroup(id,group_id, title) values (223, 2,'223 - Mosty, wiadukty, estakady, tunele, przejścia nadziemne i podziemne');
insert into ic_fixed_assets_subgroup(id,group_id, title) values (224, 2,'224 - Budowle wodne, z wyjątkiem melioracji');
insert into ic_fixed_assets_subgroup(id,group_id, title) values (225, 2,'225 - Melioracje podstawowe');
insert into ic_fixed_assets_subgroup(id,group_id, title) values (226, 2,'226 - Melioracje szczegółowe');
insert into ic_fixed_assets_subgroup(id,group_id, title) values (290, 2,'290 - Budowle sportowe i pozostałe');
insert into ic_fixed_assets_subgroup(id,group_id, title) values (291, 2,'291 - Obiekty inżynierii lądowej i wodnej pozostałe, gdzie indziej nie sklasyfikowane');

insert into ic_fixed_assets_group(id,title) values (3,'KOTŁY I MASZYNY ENERGETYCZNE');
insert into ic_fixed_assets_subgroup(id,group_id, title) values (310,3,'310 - Kotły grzejne wodne');
insert into ic_fixed_assets_subgroup(id,group_id, title) values (311,3,'311 - Kotły grzejne parowe');
insert into ic_fixed_assets_subgroup(id,group_id, title) values (312,3,'312 - Kotły dautermowe');
insert into ic_fixed_assets_subgroup(id,group_id, title) values (313,3,'313 - Kotły parowe');
insert into ic_fixed_assets_subgroup(id,group_id, title) values (314,3,'314 - Inne kotły grzejne i parowe');
insert into ic_fixed_assets_subgroup(id,group_id, title) values (320,3,'320 - Turbiny parowe');
insert into ic_fixed_assets_subgroup(id,group_id, title) values (321,3,'321 - Turbiny wodne');
insert into ic_fixed_assets_subgroup(id,group_id, title) values (322, 3,'322 - Maszyny parowe tłokowe');
insert into ic_fixed_assets_subgroup(id,group_id, title) values (323, 3,'323 - Silniki spalinowe na paliwo lekkie');
insert into ic_fixed_assets_subgroup(id,group_id, title) values (324, 3,'324 - Silniki spalinowe na paliwo ciężkie');
insert into ic_fixed_assets_subgroup(id,group_id, title) values (325, 3,'325 - Silniki spalinowe na paliwo gazowe');
insert into ic_fixed_assets_subgroup(id,group_id, title) values (326, 3,'326 - Silniki powietrzne');
insert into ic_fixed_assets_subgroup(id,group_id, title) values (327, 3,'327 - Koła wodne');
insert into ic_fixed_assets_subgroup(id,group_id, title) values (328, 3,'328 - Silniki napędzane powietrzem sprężonym');
insert into ic_fixed_assets_subgroup(id,group_id, title) values (330,3,'330 - Silniki prądu stałego');
insert into ic_fixed_assets_subgroup(id,group_id, title) values (331,3,'331 - Prądnice prądu stałego');
insert into ic_fixed_assets_subgroup(id,group_id, title) values (332,3,'332 - Silniki asynchroniczne 50 okr./sek klatkowe');
insert into ic_fixed_assets_subgroup(id,group_id, title) values (333,3,'333 - Silniki asynchroniczne 50 okr./sek pierścieniowe');
insert into ic_fixed_assets_subgroup(id,group_id, title) values (334,3,'334 - Silniki synchroniczne 50 okr./sek');
insert into ic_fixed_assets_subgroup(id,group_id, title) values (335,3,'335 - Prądnice synchroniczne 50 okr./sek');
insert into ic_fixed_assets_subgroup(id,group_id, title) values (336,3,'336 - Silniki prądu zmiennego na inne okresy');
insert into ic_fixed_assets_subgroup(id,group_id, title) values (337,3,'337 - Silniki komutatorowe prądu zmiennego');
insert into ic_fixed_assets_subgroup(id,group_id, title) values (338,3,'338 - Kompensatory wirujące');
insert into ic_fixed_assets_subgroup(id,group_id, title) values (339,3,'339 - Układy napędowe elektryczne skojarzone oraz maszyny elektryczne niewirujące (silniki liniowe)');
insert into ic_fixed_assets_subgroup(id,group_id, title) values (340,3,'340 - Turbozespoły parowe');
insert into ic_fixed_assets_subgroup(id,group_id, title) values (341,3,'341 - Turbozespoły wodne');
insert into ic_fixed_assets_subgroup(id,group_id, title) values (342,3,'342 - Zespoły elektroenergetyczne na silniki parowe tłokowe');
insert into ic_fixed_assets_subgroup(id,group_id, title) values (343,3,'343 - Zespoły elektroenergetyczne z silnikami spalinowymi na paliwo lekkie');
insert into ic_fixed_assets_subgroup(id,group_id, title) values (344,3,'344 - Zespoły elektroenergetyczne z silnikami spalinowymi na paliwo ciężkie');
insert into ic_fixed_assets_subgroup(id,group_id, title) values (345,3,'345 - Zespoły elektroenergetyczne z silnikami spalinowymi na paliwo gazowe');
insert into ic_fixed_assets_subgroup(id,group_id, title) values (346,3,'346 - Zespoły wiatrowo-elektryczne');
insert into ic_fixed_assets_subgroup(id,group_id, title) values (347,3,'347 - Przetwornice prądu');
insert into ic_fixed_assets_subgroup(id,group_id, title) values (348,3,'348 - Inne maszyny, zespoły i turbozespoły oraz agregaty wytwórcze i przetwórcze elektroenergetyczne');
insert into ic_fixed_assets_subgroup(id,group_id, title) values (349,3,'349 - Reaktory jądrowe');

insert into ic_fixed_assets_group(id,title) values (4,'MASZYNY, URZĄDZENIA I APARATY OGÓLNEGO ZASTOSOWANIA');
insert into ic_fixed_assets_subgroup(id,group_id, title) values (410,4,'410 - Tokarki');
insert into ic_fixed_assets_subgroup(id,group_id, title) values (411,4,'411 - Wiertarki, wytaczarki i wiertarko-frezarki');
insert into ic_fixed_assets_subgroup(id,group_id, title) values (412,4,'412 - Frezarki');
insert into ic_fixed_assets_subgroup(id,group_id, title) values (413,4,'413 - Przecinarki i nakiełczarki');
insert into ic_fixed_assets_subgroup(id,group_id, title) values (414,4,'414 - Strugarki, dłutownice, przeciągarki i przepycharki');
insert into ic_fixed_assets_subgroup(id,group_id, title) values (415,4,'415 - Szlifierki');
insert into ic_fixed_assets_subgroup(id,group_id, title) values (416,4,'416 - Obrabiarki do uzwojeń i uzębień');
insert into ic_fixed_assets_subgroup(id,group_id, title) values (417,4,'417 - Obrabiarki kombinowane, jednostki obróbcze, obrabiarki zespołowe, automatyczne linie obróbcze oraz obrabiarki specjalizowane');
insert into ic_fixed_assets_subgroup(id,group_id, title) values (420,4,'420 - Młoty i kuźniarki');
insert into ic_fixed_assets_subgroup(id,group_id, title) values (421,4,'421 - Prasy do metali i tworzyw sztucznych');
insert into ic_fixed_assets_subgroup(id,group_id, title) values (422,4,'422 - Maszyny do gięcia i prostowania');
insert into ic_fixed_assets_subgroup(id,group_id, title) values (423,4,'423 - Nitownice');
insert into ic_fixed_assets_subgroup(id,group_id, title) values (424,4,'424 - Nożyce do metali i tworzyw sztucznych');
insert into ic_fixed_assets_subgroup(id,group_id, title) values (425,4,'425 - Ciągarki');
insert into ic_fixed_assets_subgroup(id,group_id, title) values (426,4,'426 - Maszyny do skręcania, tkania i wyrobu sprężyn i lin');
insert into ic_fixed_assets_subgroup(id,group_id, title) values (429,4,'429 - Inne maszyny do obróbki plastycznej metali i tworzyw sztucznych');
insert into ic_fixed_assets_subgroup(id,group_id, title) values (430,4,'430 - Maszyny, urządzenia i aparaty do rozdrabniania, rozcierania i mieszania surowców oraz mas surowcowych');
insert into ic_fixed_assets_subgroup(id,group_id, title) values (431,4,'431 - Maszyny, urządzenia i aparaty filtracyjne');
insert into ic_fixed_assets_subgroup(id,group_id, title) values (432,4,'432 - Maszyny, urządzenia i aparaty do pasteryzacji');
insert into ic_fixed_assets_subgroup(id,group_id, title) values (433,4,'433 - Maszyny, urządzenia i aparaty do dozowania i napełniania butelek, słoi, puszek, tub itp.');
insert into ic_fixed_assets_subgroup(id,group_id, title) values (434,4,'434 - Maszyny, urządzenia i aparaty do zamykania, korkowania, etykietowania itp.');
insert into ic_fixed_assets_subgroup(id,group_id, title) values (435,4,'435 - Maszyny, urządzenia i aparaty do pakowania w kartony i torby oraz wytwarzające opakowania');
insert into ic_fixed_assets_subgroup(id,group_id, title) values (436,4,'436 - Maszyny, urządzenia i aparaty do mycia i czyszczenia opakowań');
insert into ic_fixed_assets_subgroup(id,group_id, title) values (439,4,'439 - Inne maszyny, urządzenia i aparaty w przemysłach rolnych i spożywczych ogólnego zastosowania');
insert into ic_fixed_assets_subgroup(id,group_id, title) values (440,4,'440 - Pompy nurnikowe i tłokowe');
insert into ic_fixed_assets_subgroup(id,group_id, title) values (441,4,'441 - Pompy wirowe');
insert into ic_fixed_assets_subgroup(id,group_id, title) values (442,4,'442 - Pompy rotacyjne');
insert into ic_fixed_assets_subgroup(id,group_id, title) values (443,4,'443 - Pompy zębate');
insert into ic_fixed_assets_subgroup(id,group_id, title) values (444,4,'444 - Sprężarki');
insert into ic_fixed_assets_subgroup(id,group_id, title) values (445,4,'445 - Dmuchawy i ssawy');
insert into ic_fixed_assets_subgroup(id,group_id, title) values (446,4,'446 - Wentylatory');
insert into ic_fixed_assets_subgroup(id,group_id, title) values (449,4,'449 - Inne maszyny i urządzenia do przetłaczania i sprężania cieczy i gazów');
insert into ic_fixed_assets_subgroup(id,group_id, title) values (450,4,'450 - Piece do przerobu surowców');
insert into ic_fixed_assets_subgroup(id,group_id, title) values (451,4,'451 - Piece do przetwarzania paliw');
insert into ic_fixed_assets_subgroup(id,group_id, title) values (452,4,'452 - Piece grzewcze');
insert into ic_fixed_assets_subgroup(id,group_id, title) values (453,4,'453 - Piece topielne');
insert into ic_fixed_assets_subgroup(id,group_id, title) values (454,4,'454 - Piece do wypalania');
insert into ic_fixed_assets_subgroup(id,group_id, title) values (455,4,'455 - Konwertory i mieszalniki stalownicze');
insert into ic_fixed_assets_subgroup(id,group_id, title) values (456,4,'456 - Piece indukcyjne wysokiej częstotliwości stosowane do obróbki termicznej');
insert into ic_fixed_assets_subgroup(id,group_id, title) values (460,4,'460 - Wymienniki przeponowe dwupłaszczowe');
insert into ic_fixed_assets_subgroup(id,group_id, title) values (461,4,'461 - Wymienniki przeponowe płaszczowo-rurkowe');
insert into ic_fixed_assets_subgroup(id,group_id, title) values (462,4,'462 - Wymienniki przeponowe komorowo-grzejnikowe');
insert into ic_fixed_assets_subgroup(id,group_id, title) values (463,4,'463 - Wymienniki przeponowe płaszczowo-wężownicowe');
insert into ic_fixed_assets_subgroup(id,group_id, title) values (464,4,'464 - Wymienniki przeponowe dwupłaszczowo-wężownicowe');
insert into ic_fixed_assets_subgroup(id,group_id, title) values (465,4,'465 - Wymienniki przeponowe rurowe');
insert into ic_fixed_assets_subgroup(id,group_id, title) values (466,4,'466 - Wymienniki przeponowe kanałowe');
insert into ic_fixed_assets_subgroup(id,group_id, title) values (469,4,'469 - Inne aparaty do wymiany ciepła');
insert into ic_fixed_assets_subgroup(id,group_id, title) values (470,4,'470 - Mieszalniki cieczy bezciśnieniowe z urządzeniami mieszającymi lub przesuwającymi');
insert into ic_fixed_assets_subgroup(id,group_id, title) values (471,4,'471 - Mieszalniki cieczy na ciśnienie do 16 atm. z mechanizmami mieszającymi');
insert into ic_fixed_assets_subgroup(id,group_id, title) values (472,4,'472 - Mieszalniki cieczy na ciśnienie powyżej 16 atm. z mechanizmami i urządzeniam mieszającymi');
insert into ic_fixed_assets_subgroup(id,group_id, title) values (473,4,'473 - Skrubery');
insert into ic_fixed_assets_subgroup(id,group_id, title) values (474,4,'474 - Kolumny');
insert into ic_fixed_assets_subgroup(id,group_id, title) values (475,4,'475 - Aparaty bębnowe');
insert into ic_fixed_assets_subgroup(id,group_id, title) values (477,4,'477 - Suszarki komorowe');
insert into ic_fixed_assets_subgroup(id,group_id, title) values (479,4,'479 - Inne maszyny i aparaty do operacji i procesów materiałowych');
insert into ic_fixed_assets_subgroup(id,group_id, title) values (480,4,'480 - Elektrolizery');
insert into ic_fixed_assets_subgroup(id,group_id, title) values (481,4,'481 - Aparaty i urządzenia do powierzchniowej obróbki metali sposobem chemicznym i elektrogalwanicznym');
insert into ic_fixed_assets_subgroup(id,group_id, title) values (482,4,'482 - Aparaty i urządzenia do powierzchniowej obróbki metali sposobem cieplnym');
insert into ic_fixed_assets_subgroup(id,group_id, title) values (483,4,'483 - Urządzenia i aparaty do elektroerozyjnej obróbki metali');
insert into ic_fixed_assets_subgroup(id,group_id, title) values (484,4,'484 - Maszyny i aparaty do spawania, zgrzewania, natryskiwania oraz maszyny i aparaty do cięcia przy pomocy gazu');
insert into ic_fixed_assets_subgroup(id,group_id, title) values (485,4,'485 - Urządzenia i aparaty chłodnicze nieprzenośne');
insert into ic_fixed_assets_subgroup(id,group_id, title) values (486,4,'486 - Urządzenia i aparaty chłodnicze przenośne');
insert into ic_fixed_assets_subgroup(id,group_id, title) values (490,4,'490 - Maszyny i urządzenia do przygotowania maszynowych nośników danych oraz maszyny analityczne');
insert into ic_fixed_assets_subgroup(id,group_id, title) values (491,4,'491 - Zespoły komputerowe');
insert into ic_fixed_assets_subgroup(id,group_id, title) values (492,4,'492 - Samodzielne urządzenia do automatycznej regulacji i sterowania procesami');
insert into ic_fixed_assets_subgroup(id,group_id, title) values (493,4,'493 - Roboty');

insert into ic_fixed_assets_group(id,title) values (5,'SPECJALISTYCZNE MASZYNY, URZĄDZENIA I APARATY');
insert into ic_fixed_assets_subgroup(id,group_id, title) values (500,5,'500 - Maszyny, urządzenia i aparaty przemysłu azotowego i syntezy chemicznej');
insert into ic_fixed_assets_subgroup(id,group_id, title) values (501,5,'501 - Maszyny, urządzenia i aparaty przemysłu farmaceutycznego i przemysłów pokrewnych');
insert into ic_fixed_assets_subgroup(id,group_id, title) values (502,5,'502 - Maszyny, urządzenia i aparaty przemysłu włókien sztucznych');
insert into ic_fixed_assets_subgroup(id,group_id, title) values (503,5,'503 - Maszyny, urządzenia i aparaty przemysłu tworzyw sztucznych');
insert into ic_fixed_assets_subgroup(id,group_id, title) values (504,5,'504 - Maszyny, urządzenia i aparaty przemysłu gumowego');
insert into ic_fixed_assets_subgroup(id,group_id, title) values (505,5,'505 - Maszyny, urządzenia i aparaty przemysłu nieorganicznego, siarkowego i nawozów fosforowych');
insert into ic_fixed_assets_subgroup(id,group_id, title) values (506,5,'506 - Maszyny, urządzenia i aparaty przemysłu gazów technicznych');
insert into ic_fixed_assets_subgroup(id,group_id, title) values (507,5,'507 - Maszyny, urządzenia i aparaty przemysłu rafineryjnego');
insert into ic_fixed_assets_subgroup(id,group_id, title) values (510,5,'510 - Maszyny i urządzenia wiertnicze');
insert into ic_fixed_assets_subgroup(id,group_id, title) values (511,5,'511 - Maszyny górnicze');
insert into ic_fixed_assets_subgroup(id,group_id, title) values (512,5,'512 - Maszyny i urządzenia do eksploatacji otworów wiertniczych');
insert into ic_fixed_assets_subgroup(id,group_id, title) values (513,5,'513 - Maszyny i urządzenia do przeróbki mechanicznej rud i węgla');
insert into ic_fixed_assets_subgroup(id,group_id, title) values (514,5,'514 - Maszyny i urządzenia hutnicze');
insert into ic_fixed_assets_subgroup(id,group_id, title) values (515,5,'515 - Maszyny i urządzenia koksownicze i gazownicze');
insert into ic_fixed_assets_subgroup(id,group_id, title) values (516,5,'516 - Maszyny i urządzenia odlewnicze');
insert into ic_fixed_assets_subgroup(id,group_id, title) values (517,5,'517 - Maszyny i urządzenia torfiarskie');
insert into ic_fixed_assets_subgroup(id,group_id, title) values (518,5,'518 - Aparaty i urządzenia do pomiarów i zabiegów geofizycznych, geodezyjnych, fotogrametrycznych, kartograficznych itp.');
insert into ic_fixed_assets_subgroup(id,group_id, title) values (520,5,'520 - Maszyny i urządzenia przemysłu kamieniarskiego');
insert into ic_fixed_assets_subgroup(id,group_id, title) values (521,5,'521 - Maszyny i urządzenia przemysłu mineralnego');
insert into ic_fixed_assets_subgroup(id,group_id, title) values (522,5,'522 - Maszyny i urządzenia przemysłu wapienniczego i gipsowego');
insert into ic_fixed_assets_subgroup(id,group_id, title) values (523,5,'523 - Maszyny i urządzenia przemysłu cementowego');
insert into ic_fixed_assets_subgroup(id,group_id, title) values (524,5,'524 - Maszyny, urządzenia i aparaty przemysłu izolacyjnego i korkowego');
insert into ic_fixed_assets_subgroup(id,group_id, title) values (525,5,'525 - Maszyny i urządzenia do produkcji ceramiki budowlanej materiałów ognioodpornych i silikatowych');
insert into ic_fixed_assets_subgroup(id,group_id, title) values (526,5,'526 - Maszyny przemysłu ceramiki szlachetnej i technicznej');
insert into ic_fixed_assets_subgroup(id,group_id, title) values (527,5,'527 - Maszyny i urządzenia do produkcji szkła i wyrobów ze szkła');
insert into ic_fixed_assets_subgroup(id,group_id, title) values (528,5,'528 - Maszyny i urządzenia przemysłu materiałów ściernych');
insert into ic_fixed_assets_subgroup(id,group_id, title) values (529,5,'529 - Maszyny, urządzenia i agregaty do produkcji innych materiałów budowlanych');
insert into ic_fixed_assets_subgroup(id,group_id, title) values (531,5,'531 - Maszyny specjalne do produkcji wyrobów drobnej galanterii metalowej');
insert into ic_fixed_assets_subgroup(id,group_id, title) values (532,5,'532 - Maszyny do produkcji wyrobów metalowych');
insert into ic_fixed_assets_subgroup(id,group_id, title) values (533,5,'533 - Maszyny i urządzenia do produkcji kabli i przedmiotów elektrycznych');
insert into ic_fixed_assets_subgroup(id,group_id, title) values (534,5,'534 - Maszyny i urządzenia do produkcji akumulatorów i baterii');
insert into ic_fixed_assets_subgroup(id,group_id, title) values (535,5,'535 - Maszyny i urządzenia do produkcji żarówek i lamp elektronowych');
insert into ic_fixed_assets_subgroup(id,group_id, title) values (536,5,'536 - Maszyny i aparaty do produkcji taśmy filmowej i magnetycznej, błon, płyt i papierów fotograficznych');
insert into ic_fixed_assets_subgroup(id,group_id, title) values (537,5,'537 - Maszyny i aparaty do produkcji filmów i kopii filmowych oraz do realizacji filmów');
insert into ic_fixed_assets_subgroup(id,group_id, title) values (538,5,'538 - Maszyny do nawijania cewek oraz izolacji silników, transformatorów i kondensatorów');
insert into ic_fixed_assets_subgroup(id,group_id, title) values (540,5,'540 - Maszyny, urządzenia i aparaty do ścinki drzew oraz obróbki drewna');
insert into ic_fixed_assets_subgroup(id,group_id, title) values (541,5,'541 - Maszyny, urządzenia i aparaty do wyrobu oklein, płyt stolarskich i sklejek');
insert into ic_fixed_assets_subgroup(id,group_id, title) values (542,5,'542 - Maszyny, urządzenia i aparaty do wyrobu płyt pilśniowych i płyt wiórowych');
insert into ic_fixed_assets_subgroup(id,group_id, title) values (543,5,'543 - Maszyny, urządzenia i aparaty do wyrobu zapałek');
insert into ic_fixed_assets_subgroup(id,group_id, title) values (544,5,'544 - Maszyny, urządzenia i aparaty do wyrobu beczek, skrzyń i różnych wyrobów z drewna');
insert into ic_fixed_assets_subgroup(id,group_id, title) values (545,5,'545 - Maszyny, urządzenia i aparaty do wyrobu celulozy');
insert into ic_fixed_assets_subgroup(id,group_id, title) values (546,5,'546 - Maszyny i urządzenia do wyrobu papieru i tektury');
insert into ic_fixed_assets_subgroup(id,group_id, title) values (547,5,'547 - Maszyny, urządzenia i aparaty do wyrobów papierniczych i tekturowych');
insert into ic_fixed_assets_subgroup(id,group_id, title) values (548,5,'548 - Maszyny, urządzenia i aparaty poligraficzne');
insert into ic_fixed_assets_subgroup(id,group_id, title) values (549,5,'549 - Maszyny i urządzenia do produkcji wyrobów z drewna lub materiałów zastępczych w połączeniu z innymi materiałami');
insert into ic_fixed_assets_subgroup(id,group_id, title) values (550,5,'550 - Maszyny do wstępnej obróbki włókien łykowych');
insert into ic_fixed_assets_subgroup(id,group_id, title) values (551,5,'551 - Maszyny przędzalnicze');
insert into ic_fixed_assets_subgroup(id,group_id, title) values (552,5,'552 - Maszyny do produkcji nici, sznurków i lin');
insert into ic_fixed_assets_subgroup(id,group_id, title) values (553,5,'553 - Maszyny tkackie');
insert into ic_fixed_assets_subgroup(id,group_id, title) values (554,5,'554 - Maszyny dziewiarskie i pończosznicze');
insert into ic_fixed_assets_subgroup(id,group_id, title) values (555,5,'555 - Maszyny wykańczalnicze i farbiarskie');
insert into ic_fixed_assets_subgroup(id,group_id, title) values (556,5,'556 - Maszyny do produkcji filcu i artykułów z filcu');
insert into ic_fixed_assets_subgroup(id,group_id, title) values (557,5,'557 - Maszyny szwalnicze, odzieżowe i do wyrobu guzików');
insert into ic_fixed_assets_subgroup(id,group_id, title) values (558,5,'558 - Maszyny do produkcji skóry i wyrobów ze skóry');
insert into ic_fixed_assets_subgroup(id,group_id, title) values (559,5,'559 - Inne maszyny i urządzenia przemysłu włókienniczego, odzieżowego i skórzanego');
insert into ic_fixed_assets_subgroup(id,group_id, title) values (560,5,'560 - Maszyny, urządzenia i aparaty przemysłu cukrowniczego');
insert into ic_fixed_assets_subgroup(id,group_id, title) values (561,5,'561 - Maszyny, urządzenia i aparaty przemysłu piwowarsko-słodowniczego i napoi');
insert into ic_fixed_assets_subgroup(id,group_id, title) values (562,5,'562 - Maszyny, urządzenia i aparaty do produkcji drożdży');
insert into ic_fixed_assets_subgroup(id,group_id, title) values (563,5,'563 - Maszyny, urządzenia i aparaty do produkcji wyrobów spirytusowych');
insert into ic_fixed_assets_subgroup(id,group_id, title) values (564,5,'564 - Maszyny, urządzenia i aparaty do produkcji octu');
insert into ic_fixed_assets_subgroup(id,group_id, title) values (565,5,'565 - Maszyny, urządzenia i aparaty przemysłu ziemniaczanego');
insert into ic_fixed_assets_subgroup(id,group_id, title) values (566,5,'566 - Maszyny, urządzenia i aparaty przemysłu owocowo-warzywnego');
insert into ic_fixed_assets_subgroup(id,group_id, title) values (567,5,'567 - Maszyny, urządzenia i aparaty przemysłu młynarskiego');
insert into ic_fixed_assets_subgroup(id,group_id, title) values (568,5,'568 - Maszyny, urządzenia i aparaty przemysłu piekarniczego');
insert into ic_fixed_assets_subgroup(id,group_id, title) values (570,5,'570 - Maszyny, urządzenia i aparaty przemysłu cukierniczego');
insert into ic_fixed_assets_subgroup(id,group_id, title) values (571,5,'571 - Maszyny, urządzenia i aparaty przemysłu koncentratów spożywczych');
insert into ic_fixed_assets_subgroup(id,group_id, title) values (572,5,'572 - Maszyny, urządzenia i aparaty przemysłu tytoniowego i zielarskiego');
insert into ic_fixed_assets_subgroup(id,group_id, title) values (573,5,'573 - Maszyny, urządzenia i aparaty przemysłu mięsnego');
insert into ic_fixed_assets_subgroup(id,group_id, title) values (574,5,'574 - Maszyny, urządzenia i aparaty przemysłu rybnego');
insert into ic_fixed_assets_subgroup(id,group_id, title) values (575,5,'575 - Maszyny, urządzenia i aparaty przemysłu tłuszczowego');
insert into ic_fixed_assets_subgroup(id,group_id, title) values (576,5,'576 - Maszyny, urządzenia i aparaty przemysłu mleczarskiego');
insert into ic_fixed_assets_subgroup(id,group_id, title) values (577,5,'577 - Maszyny, urządzenia i aparaty przemysłu jajczarsko-drobiarskiego');
insert into ic_fixed_assets_subgroup(id,group_id, title) values (578,5,'578 - Maszyny, urządzenia i aparaty przemysłu gastronomicznego');
insert into ic_fixed_assets_subgroup(id,group_id, title) values (579,5,'579 - Inne maszyny, urządzenia i aparaty przemysłów spożywczych');
insert into ic_fixed_assets_subgroup(id,group_id, title) values (580,5,'580 - Maszyny do robót ziemnych i fundamentowych');
insert into ic_fixed_assets_subgroup(id,group_id, title) values (581,5,'581 - Maszyny do robót budowlanych');
insert into ic_fixed_assets_subgroup(id,group_id, title) values (582,5,'582 - Maszyny do robót drogowych');
insert into ic_fixed_assets_subgroup(id,group_id, title) values (583,5,'583 - Koparki i zwałowarki używane w kopalnictwie odkrywkowym');
insert into ic_fixed_assets_subgroup(id,group_id, title) values (584,5,'584 - Maszyny do robót torowych kolejowych');
insert into ic_fixed_assets_subgroup(id,group_id, title) values (590,5,'590 - Maszyny i narzędzia uprawowe');
insert into ic_fixed_assets_subgroup(id,group_id, title) values (591,5,'591 - Maszyny i urządzenia do siewu, sadzenia, nawożenia i deszczowania');
insert into ic_fixed_assets_subgroup(id,group_id, title) values (592,5,'592 - Maszyny i narzędzia pielęgnacyjne');
insert into ic_fixed_assets_subgroup(id,group_id, title) values (593,5,'593 - Maszyny i urządzenia do ochrony roślin');
insert into ic_fixed_assets_subgroup(id,group_id, title) values (594,5,'594 - Maszyny i urządzenia do zbioru ziemiopłodów');
insert into ic_fixed_assets_subgroup(id,group_id, title) values (595,5,'595 - Maszyny i urządzenia omłotowe, suszarnie i urządzenia pomocnicze');
insert into ic_fixed_assets_subgroup(id,group_id, title) values (596,5,'596 - Maszyny i urządzenia do czyszczenia, sortowania i zaprawiania ziemiopłodów');
insert into ic_fixed_assets_subgroup(id,group_id, title) values (597,5,'597 - Maszyny i urządzenia do przetwórstwa paszowego');
insert into ic_fixed_assets_subgroup(id,group_id, title) values (598,5,'598 - Maszyny oraz urządzenia do chowu i hodowli zwierząt');
insert into ic_fixed_assets_subgroup(id,group_id, title) values (599,5,'599 - Inne maszyny i urządzenia różne');

insert into ic_fixed_assets_group(id,title) values (6,'URZĄDZENIA TECHNICZNE');
insert into ic_fixed_assets_subgroup(id,group_id, title) values (600,6,'600 - Zbiorniki naziemne ceglane');
insert into ic_fixed_assets_subgroup(id,group_id, title) values (601,6,'601 - Zbiorniki naziemne betonowe');
insert into ic_fixed_assets_subgroup(id,group_id, title) values (602,6,'602 - Zbiorniki naziemne drewniane');
insert into ic_fixed_assets_subgroup(id,group_id, title) values (603,6,'603 - Zbiorniki naziemne z tworzyw naturalnych i sztucznych');
insert into ic_fixed_assets_subgroup(id,group_id, title) values (604,6,'604 - Zbiorniki naziemne stalowe');
insert into ic_fixed_assets_subgroup(id,group_id, title) values (605,6,'605 - Zbiorniki naziemne z metali nieżelaznych');
insert into ic_fixed_assets_subgroup(id,group_id, title) values (610,6,'610 - Urządzenia rozdzielcze prądu zmiennego');
insert into ic_fixed_assets_subgroup(id,group_id, title) values (611,6,'611 - Urządzenia nastawcze prądu zmiennego i stałego');
insert into ic_fixed_assets_subgroup(id,group_id, title) values (612,6,'612 - Aparatura prądu zmiennego');
insert into ic_fixed_assets_subgroup(id,group_id, title) values (613,6,'613 - Stacje transformatorowe stałe i przewoźne');
insert into ic_fixed_assets_subgroup(id,group_id, title) values (614,6,'614 - Urządzenia i aparatura rozdzielcza prądu stałego');
insert into ic_fixed_assets_subgroup(id,group_id, title) values (615,6,'615 - Aparatura prądu stałego');
insert into ic_fixed_assets_subgroup(id,group_id, title) values (620,6,'620 - Urządzenia i aparatura radionadawcza');
insert into ic_fixed_assets_subgroup(id,group_id, title) values (621,6,'621 - Urządzenia i aparatura radioodbiorcza');
insert into ic_fixed_assets_subgroup(id,group_id, title) values (622,6,'622 - Urządzenia elektroakustyczne i elektrowizyjne');
insert into ic_fixed_assets_subgroup(id,group_id, title) values (623,6,'623 - Urządzenia teletransmisji przewodowej');
insert into ic_fixed_assets_subgroup(id,group_id, title) values (624,6,'624 - Urządzenia alarmowe i sygnalizacyjne');
insert into ic_fixed_assets_subgroup(id,group_id, title) values (626,6,'626 - Urządzenia telefoniczne');
insert into ic_fixed_assets_subgroup(id,group_id, title) values (627,6,'627 - Urządzenia telegraficzne');
insert into ic_fixed_assets_subgroup(id,group_id, title) values (629,6,'629 - Inne urządzenia tele- i radiotechniczne');
insert into ic_fixed_assets_subgroup(id,group_id, title) values (630,6,'630 - Transformatory');
insert into ic_fixed_assets_subgroup(id,group_id, title) values (631,6,'631 - Zespoły prostownikowe');
insert into ic_fixed_assets_subgroup(id,group_id, title) values (632,6,'632 - Kondensatory statyczne');
insert into ic_fixed_assets_subgroup(id,group_id, title) values (633,6,'633 - Baterie akumulatorów elektrycznych stacjonarnych');
insert into ic_fixed_assets_subgroup(id,group_id, title) values (634,6,'634 - Baterie akumulatorów elektrycznych zasadowych');
insert into ic_fixed_assets_subgroup(id,group_id, title) values (640,6,'640 - Dźwigi osobowe i towarowe');
insert into ic_fixed_assets_subgroup(id,group_id, title) values (641,6,'641 - Dźwigniki, wciągarki i wciągniki przejezdne oraz nieprzejezdne, kołowroty, wyciągniki itp.');
insert into ic_fixed_assets_subgroup(id,group_id, title) values (642,6,'642 - Żurawie (dźwigi przeładunkowe)');
insert into ic_fixed_assets_subgroup(id,group_id, title) values (643,6,'643 - Przenośniki (transportery) ogólnego zastosowania');
insert into ic_fixed_assets_subgroup(id,group_id, title) values (644,6,'644 - Przenośniki (transportery) kopalniane');
insert into ic_fixed_assets_subgroup(id,group_id, title) values (645,6,'645 - Przenośniki (transportery) powietrzne i wodne');
insert into ic_fixed_assets_subgroup(id,group_id, title) values (646,6,'646 - Suwnice i wsadzarki');
insert into ic_fixed_assets_subgroup(id,group_id, title) values (647,6,'647 - Przesuwnice, obrotnice i wywrotnice');
insert into ic_fixed_assets_subgroup(id,group_id, title) values (648,6,'648 - Tory, kolejki linowe i dźwignice linowe');
insert into ic_fixed_assets_subgroup(id,group_id, title) values (650,6,'650 - Przekładnie');
insert into ic_fixed_assets_subgroup(id,group_id, title) values (652,6,'652 - Urządzenia wentylacyjne');
insert into ic_fixed_assets_subgroup(id,group_id, title) values (653,6,'653 - Urządzenia klimatyzacyjne');
insert into ic_fixed_assets_subgroup(id,group_id, title) values (654,6,'654 - Urządzenia do oczyszczania wody');
insert into ic_fixed_assets_subgroup(id,group_id, title) values (655,6,'655 - Urządzenia do oczyszczania gazów');
insert into ic_fixed_assets_subgroup(id,group_id, title) values (656,6,'656 - Urządzenia do odpopielania i odżużlania');
insert into ic_fixed_assets_subgroup(id,group_id, title) values (657,6,'657 - Akumulatory hydrauliczne');
insert into ic_fixed_assets_subgroup(id,group_id, title) values (658,6,'658 - Urządzenia do oczyszczania ścieków');
insert into ic_fixed_assets_subgroup(id,group_id, title) values (659,6,'659 - Pozostałe urządzenia przemysłowe nie wymienione');
insert into ic_fixed_assets_subgroup(id,group_id, title) values (660,6,'660 - Wagi pojazdowe, wagonowe i inne wbudowane');
insert into ic_fixed_assets_subgroup(id,group_id, title) values (661,6,'661 - Urządzenia pralni i farbiarni');
insert into ic_fixed_assets_subgroup(id,group_id, title) values (662,6,'662 - Urządzenia i aparaty projekcyjne');
insert into ic_fixed_assets_subgroup(id,group_id, title) values (663,6,'663 - Urządzenia przeciwpożarowe');
insert into ic_fixed_assets_subgroup(id,group_id, title) values (664,6,'664 - Urządzenia i aparatura do przeprowadzania badań technicznych');
insert into ic_fixed_assets_subgroup(id,group_id, title) values (668,6,'668 - Urządzenia techniczne teatralne');
insert into ic_fixed_assets_subgroup(id,group_id, title) values (669,6,'669 - Pozostałe urządzenia nieprzemysłowe');
insert into ic_fixed_assets_subgroup(id,group_id, title) values (680,6,'680 - Pozostałe urządzenia techniczne');

insert into ic_fixed_assets_group(id,title) values (7,'ŚRODKI TRANSPORTU');
insert into ic_fixed_assets_subgroup(id,group_id, title) values (700,7,'700 - Kolejowy tabor szynowy naziemny');
insert into ic_fixed_assets_subgroup(id,group_id, title) values (710,7,'710 - Kolejowy tabor szynowy podziemny');
insert into ic_fixed_assets_subgroup(id,group_id, title) values (720,7,'720 - Tramwajowy tabor szynowy');
insert into ic_fixed_assets_subgroup(id,group_id, title) values (730,7,'730 - Pozostały tabor szynowy naziemny');
insert into ic_fixed_assets_subgroup(id,group_id, title) values (740,7,'740 - Motocykle, przyczepy i wózki motocyklowe');
insert into ic_fixed_assets_subgroup(id,group_id, title) values (741,7,'741 - Samochody osobowe');
insert into ic_fixed_assets_subgroup(id,group_id, title) values (742,7,'742 - Samochody ciężarowe');
insert into ic_fixed_assets_subgroup(id,group_id, title) values (743,7,'743 - Samochody specjalne');
insert into ic_fixed_assets_subgroup(id,group_id, title) values (744,7,'744 - Autobusy i autokary');
insert into ic_fixed_assets_subgroup(id,group_id, title) values (745,7,'745 - Trojlebusy i samochody o napędzie elektrycznym');
insert into ic_fixed_assets_subgroup(id,group_id, title) values (746,7,'746 - Ciągniki');
insert into ic_fixed_assets_subgroup(id,group_id, title) values (747,7,'747 - Naczepy');
insert into ic_fixed_assets_subgroup(id,group_id, title) values (748,7,'748 - Przyczepy');
insert into ic_fixed_assets_subgroup(id,group_id, title) values (750,7,'750 - Tabor konny');
insert into ic_fixed_assets_subgroup(id,group_id, title) values (760,7,'760 - Wózki jezdniowe z pomostem stałym o napędzie elektrycznym (akumulatorowe)');
insert into ic_fixed_assets_subgroup(id,group_id, title) values (761,7,'761 - Wózki jezdniowe podnośnikowe z nisko podnoszoną platformą o napędzie elektrycznym (akumulatorowe)');
insert into ic_fixed_assets_subgroup(id,group_id, title) values (762,7,'762 - Wózki jezdniowe podnośnikowe, mechaniczne, wysokiego podnoszenia (widłowe) o napędzie elektrycznym (akumulatorowe)');
insert into ic_fixed_assets_subgroup(id,group_id, title) values (763,7,'763 - Wózki jezdniowe podnośnikowe, mechaniczne, wysokiego podnoszenia (widłowe) o napędzie spalinowym');
insert into ic_fixed_assets_subgroup(id,group_id, title) values (764,7,'764 - Wózki jezdniowe transportowe ze stałą platformą i ?urawiem o napędzie elektrycznym (akumulatorowe)');
insert into ic_fixed_assets_subgroup(id,group_id, title) values (768,7,'768 - Inne wózki jezdniowe');
insert into ic_fixed_assets_subgroup(id,group_id, title) values (770,7,'770 - Tabor transportu morskiego');
insert into ic_fixed_assets_subgroup(id,group_id, title) values (771,7,'771 - Tabor rybołówstwa morskiego');
insert into ic_fixed_assets_subgroup(id,group_id, title) values (772,7,'772 - Tabor techniczny i ratowniczy morski');
insert into ic_fixed_assets_subgroup(id,group_id, title) values (773,7,'773 - Tabor transportu śródlądowego');
insert into ic_fixed_assets_subgroup(id,group_id, title) values (774,7,'774 - Tabor techniczny i ratowniczy śródlądowy');
insert into ic_fixed_assets_subgroup(id,group_id, title) values (778,7,'778 - Inny tabor pływający');
insert into ic_fixed_assets_subgroup(id,group_id, title) values (780,7,'780 - Samoloty');
insert into ic_fixed_assets_subgroup(id,group_id, title) values (781,7,'781 - Śmigłowce');
insert into ic_fixed_assets_subgroup(id,group_id, title) values (782,7,'782 - Szybowce');
insert into ic_fixed_assets_subgroup(id,group_id, title) values (783,7,'783 - Balony');
insert into ic_fixed_assets_subgroup(id,group_id, title) values (788,7,'788 - Inne środki transportu lotniczego');
insert into ic_fixed_assets_subgroup(id,group_id, title) values (790,7,'790 - Środki transportu pozostałe');

insert into ic_fixed_assets_group(id,title) values (8,'NARZĘDZIA, PRZYRZĄDY, RUCHOMOŚCI I WYPOSAŻENIE');
insert into ic_fixed_assets_subgroup(id,group_id, title) values (800,8,'800 - Narzędzia, przyrządy, sprawdziany, itp.');
insert into ic_fixed_assets_subgroup(id,group_id, title) values (801,8,'801 - Wyposażenie, aparaty i sprzęt laboratoryjny');
insert into ic_fixed_assets_subgroup(id,group_id, title) values (802,8,'802 - Wyposażenie, aparaty i sprzęt medyczny');
insert into ic_fixed_assets_subgroup(id,group_id, title) values (803,8,'803 - Wyposażenie techniczne dla prac biurowych');
insert into ic_fixed_assets_subgroup(id,group_id, title) values (804,8,'804 - Wyposażenie i sprzęt cyrkowy');
insert into ic_fixed_assets_subgroup(id,group_id, title) values (805,8,'805 - Wyposażenie i sprzęt kin, teatrów, placówek kulturalno-oświatowych itp.');
insert into ic_fixed_assets_subgroup(id,group_id, title) values (806,8,'806 - Kioski, budki, baraki, domki campingowe itp.');
insert into ic_fixed_assets_subgroup(id,group_id, title) values (808,8,'808 - Narzędzia, przyrzą0dy ruchomości i wyposażenie pozostałe');

insert into ic_fixed_assets_group(id,title) values (9,'INWENTARZ ŻYWY');
insert into ic_fixed_assets_subgroup(id,group_id, title) values (900,9,'900 - Inwentarz żywy');


insert into dsg_account_number(account_number,account_name) values ('010-01','Grunty własne');
insert into dsg_account_number(account_number,account_name) values ('010-02','Budynki i budowle');
insert into dsg_account_number(account_number,account_name) values ('010-03','Urządzenia techniczne i maszyny');
insert into dsg_account_number(account_number,account_name) values ('010-04','Środki transportu');
insert into dsg_account_number(account_number,account_name) values ('010-05','Pozostałe środki trwałe');
insert into dsg_account_number(account_number,account_name) values ('010-06','Środki trwałe niskowartościowe');
insert into dsg_account_number(account_number,account_name) values ('020-02','Prawa autorskie');
insert into dsg_account_number(account_number,account_name) values ('020-03','Prawa autorskie niskowartościowe');
insert into dsg_account_number(account_number,account_name) values ('020-04','Wartość firmy');
insert into dsg_account_number(account_number,account_name) values ('030-01-01','Udziały i akcje');
insert into dsg_account_number(account_number,account_name) values ('081','Środki trwałe w budowie');


